事業所コード,事業所名,役職区分,社員区分,社員番号,氏名,入社年,生年月日,対象者ID
1001,1001店,店長,パート,200000,,2016,1992-07-07,R200000
1002,1002店,店長,パート,200001,,2025,1972-02-13,R200001
1003,1003店,店長,社員,200002,,2009,2002-01-23,R200002
1004,1004店,店長,社員,200003,,2024,1977-08-01,R200003
1005,1005店,店長,アルバイト,200004,,2012,1988-03-18,R200004
1006,1006店,店長,アルバイト,200005,,2014,1987-03-18,R200005
1007,1007店,店長,アルバイト,200006,,2009,1998-10-14,R200006
1008,1008店,店長,アルバイト,200007,,2025,1993-01-23,R200007
1009,1009店,店長,パート,200008,,2005,1979-05-23,R200008
1010,1010店,店長,アルバイト,200009,,2011,1981-01-26,R200009
1011,1011店,店長,パート,200010,,2022,2004-11-05,R200010
1012,1012店,店長,アルバイト,200011,,2013,1981-10-14,R200011
1013,1013店,店長,社員,200012,,2012,1992-08-14,R200012
1014,1014店,店長,社員,200013,,2006,1988-06-11,R200013
1015,1015店,店長,アルバイト,200014,,2023,1980-10-20,R200014
1016,1016店,店長,アルバイト,200015,,2018,1990-04-13,R200015
1017,1017店,店長,社員,200016,,2014,1993-09-04,R200016
1018,1018店,店長,アルバイト,200017,,2012,1990-08-23,R200017
1019,1019店,店長,アルバイト,200018,,2006,1982-05-16,R200018
1020,1020店,店長,アルバイト,200019,,2011,1986-06-18,R200019
1001,1001店,店長,パート,200020,,2009,1974-03-24,R200020
1002,1002店,店長,アルバイト,200021,,2019,1997-06-19,R200021
1003,1003店,店長,社員,200022,,2021,1974-02-23,R200022
1004,1004店,店長,パート,200023,,2013,1970-11-09,R200023
1005,1005店,店長,パート,200024,,2025,1983-10-16,R200024
1006,1006店,店長,社員,200025,,2014,1992-12-10,R200025
1007,1007店,店長,アルバイト,200026,,2006,1989-01-23,R200026
1008,1008店,店長,社員,200027,,2010,2002-08-02,R200027
1009,1009店,店長,社員,200028,,2011,1973-12-27,R200028
1010,1010店,店長,アルバイト,200029,,2022,1986-07-18,R200029
1011,1011店,店長,パート,200030,,2012,1993-11-03,R200030
1012,1012店,店長,社員,200031,,2014,1976-06-06,R200031
1013,1013店,店長,社員,200032,,2025,1990-03-11,R200032
1014,1014店,店長,アルバイト,200033,,2012,1988-05-05,R200033
1015,1015店,社員,パート,200034,,2013,1986-10-22,R200034
1016,1016店,社員,アルバイト,200035,,2011,1993-04-08,R200035
1017,1017店,社員,社員,200036,,2008,1980-04-14,R200036
1018,1018店,社員,社員,200037,,2021,1999-05-14,R200037
1019,1019店,社員,社員,200038,,2019,1993-03-22,R200038
1020,1020店,社員,パート,200039,,2006,1994-05-18,R200039
1001,1001店,社員,アルバイト,200040,,2005,1986-09-15,R200040
1002,1002店,社員,アルバイト,200041,,2021,1974-03-05,R200041
1003,1003店,社員,社員,200042,,2023,2004-06-15,R200042
1004,1004店,社員,社員,200043,,2024,1982-02-15,R200043
1005,1005店,社員,アルバイト,200044,,2022,2002-01-18,R200044
1006,1006店,社員,パート,200045,,2014,1997-02-21,R200045
1007,1007店,社員,社員,200046,,2025,1979-08-10,R200046
1008,1008店,社員,アルバイト,200047,,2012,2000-09-07,R200047
1009,1009店,社員,パート,200048,,2024,1980-04-23,R200048
1010,1010店,社員,パート,200049,,2010,1992-12-17,R200049
1011,1011店,社員,アルバイト,200050,,2021,1977-03-03,R200050
1012,1012店,社員,パート,200051,,2024,2004-05-23,R200051
1013,1013店,社員,アルバイト,200052,,2024,1974-07-08,R200052
1014,1014店,社員,アルバイト,200053,,2021,1991-06-10,R200053
1015,1015店,社員,社員,200054,,2013,1994-03-04,R200054
1016,1016店,社員,アルバイト,200055,,2019,1997-07-13,R200055
1017,1017店,社員,パート,200056,,2025,2005-12-19,R200056
1018,1018店,社員,社員,200057,,2009,1987-04-17,R200057
1019,1019店,社員,アルバイト,200058,,2014,2001-07-26,R200058
1020,1020店,社員,社員,200059,,2018,2000-07-25,R200059
1001,1001店,社員,アルバイト,200060,,2006,1983-12-04,R200060
1002,1002店,社員,社員,200061,,2008,1997-06-05,R200061
1003,1003店,社員,社員,200062,,2006,1970-09-22,R200062
1004,1004店,社員,アルバイト,200063,,2011,1980-01-16,R200063
1005,1005店,社員,社員,200064,,2021,1970-06-09,R200064
1006,1006店,社員,パート,200065,,2018,1975-08-19,R200065
1007,1007店,社員,社員,200066,,2018,2004-04-05,R200066
1008,1008店,社員,アルバイト,200067,,2022,1974-07-06,R200067
1009,1009店,社員,パート,200068,,2005,2004-03-10,R200068
1010,1010店,社員,社員,200069,,2025,1972-07-20,R200069
1011,1011店,社員,社員,200070,,2012,1973-02-20,R200070
1012,1012店,社員,社員,200071,,2021,1974-04-28,R200071
1013,1013店,社員,アルバイト,200072,,2024,1982-09-16,R200072
1014,1014店,社員,社員,200073,,2017,1972-05-07,R200073
1015,1015店,社員,社員,200074,,2011,2005-11-24,R200074
1016,1016店,社員,アルバイト,200075,,2024,2002-12-13,R200075
1017,1017店,社員,パート,200076,,2018,1993-02-22,R200076
1018,1018店,社員,アルバイト,200077,,2022,1973-07-24,R200077
1019,1019店,社員,アルバイト,200078,,2017,1972-07-21,R200078
1020,1020店,社員,社員,200079,,2017,1993-09-19,R200079
1001,1001店,社員,パート,200080,,2005,1995-06-13,R200080
1002,1002店,社員,アルバイト,200081,,2025,1997-09-17,R200081
1003,1003店,社員,社員,200082,,2024,1992-07-10,R200082
1004,1004店,社員,パート,200083,,2021,1980-03-21,R200083
1005,1005店,社員,パート,200084,,2017,1996-03-03,R200084
1006,1006店,社員,社員,200085,,2007,1981-06-15,R200085
1007,1007店,社員,パート,200086,,2010,1992-01-07,R200086
1008,1008店,社員,パート,200087,,2017,1978-09-03,R200087
1009,1009店,社員,社員,200088,,2025,1997-01-26,R200088
1010,1010店,社員,アルバイト,200089,,2006,1975-01-21,R200089
1011,1011店,社員,社員,200090,,2014,1978-05-24,R200090
1012,1012店,社員,アルバイト,200091,,2009,1982-10-04,R200091
1013,1013店,社員,社員,200092,,2023,1980-01-20,R200092
1014,1014店,社員,社員,200093,,2011,1970-01-03,R200093
1015,1015店,社員,アルバイト,200094,,2013,1992-05-23,R200094
1016,1016店,社員,パート,200095,,2009,1987-11-17,R200095
1017,1017店,社員,パート,200096,,2008,1989-03-13,R200096
1018,1018店,社員,社員,200097,,2018,1971-10-22,R200097
1019,1019店,パート･アルバイト,アルバイト,200098,,2025,1990-05-23,R200098
1020,1020店,パート･アルバイト,社員,200099,,2011,2001-12-14,R200099
1001,1001店,パート･アルバイト,社員,200100,,2016,1972-01-07,R200100
1002,1002店,パート･アルバイト,パート,200101,,2025,1997-11-21,R200101
1003,1003店,パート･アルバイト,社員,200102,,2007,1996-10-08,R200102
1004,1004店,パート･アルバイト,アルバイト,200103,,2008,1998-11-18,R200103
1005,1005店,パート･アルバイト,パート,200104,,2021,2001-04-20,R200104
1006,1006店,パート･アルバイト,社員,200105,,2015,1998-10-24,R200105
1007,1007店,パート･アルバイト,アルバイト,200106,,2011,1982-03-27,R200106
1008,1008店,パート･アルバイト,パート,200107,,2012,1999-06-15,R200107
1009,1009店,パート･アルバイト,社員,200108,,2021,1991-11-16,R200108
1010,1010店,パート･アルバイト,パート,200109,,2012,1991-01-15,R200109
1011,1011店,パート･アルバイト,パート,200110,,2024,1982-12-24,R200110
1012,1012店,パート･アルバイト,パート,200111,,2019,2003-11-04,R200111
1013,1013店,パート･アルバイト,アルバイト,200112,,2014,1982-11-14,R200112
1014,1014店,パート･アルバイト,アルバイト,200113,,2009,1972-08-08,R200113
1015,1015店,パート･アルバイト,アルバイト,200114,,2019,1981-05-09,R200114
1016,1016店,パート･アルバイト,社員,200115,,2014,1976-02-26,R200115
1017,1017店,パート･アルバイト,社員,200116,,2019,1997-11-13,R200116
1018,1018店,パート･アルバイト,パート,200117,,2020,1987-08-09,R200117
1019,1019店,パート･アルバイト,アルバイト,200118,,2007,1982-08-25,R200118
1020,1020店,パート･アルバイト,社員,200119,,2024,1990-01-10,R200119
1001,1001店,パート･アルバイト,パート,200120,,2010,1975-03-14,R200120
1002,1002店,パート･アルバイト,パート,200121,,2025,1979-03-03,R200121
1003,1003店,パート･アルバイト,社員,200122,,2009,1996-01-21,R200122
1004,1004店,パート･アルバイト,パート,200123,,2005,1984-01-13,R200123
1005,1005店,パート･アルバイト,パート,200124,,2011,1993-10-03,R200124
1006,1006店,パート･アルバイト,パート,200125,,2008,1970-06-02,R200125
1007,1007店,パート･アルバイト,パート,200126,,2011,1997-09-08,R200126
1008,1008店,パート･アルバイト,パート,200127,,2017,1994-11-22,R200127
1009,1009店,パート･アルバイト,アルバイト,200128,,2018,1997-01-09,R200128
1010,1010店,パート･アルバイト,社員,200129,,2024,1993-07-27,R200129
1011,1011店,パート･アルバイト,社員,200130,,2025,1971-12-12,R200130
1012,1012店,パート･アルバイト,パート,200131,,2014,1990-11-27,R200131
1013,1013店,パート･アルバイト,アルバイト,200132,,2023,1994-07-10,R200132
1014,1014店,パート･アルバイト,社員,200133,,2013,1985-10-12,R200133
1015,1015店,パート･アルバイト,社員,200134,,2025,1994-12-21,R200134
1016,1016店,パート･アルバイト,アルバイト,200135,,2015,2001-10-23,R200135
1017,1017店,パート･アルバイト,アルバイト,200136,,2024,1998-01-03,R200136
1018,1018店,パート･アルバイト,社員,200137,,2021,2000-08-04,R200137
1019,1019店,パート･アルバイト,パート,200138,,2014,1997-01-05,R200138
1020,1020店,パート･アルバイト,パート,200139,,2023,1998-09-02,R200139
1001,1001店,パート･アルバイト,アルバイト,200140,,2013,1975-10-26,R200140
1002,1002店,パート･アルバイト,アルバイト,200141,,2022,1994-03-13,R200141
1003,1003店,パート･アルバイト,パート,200142,,2016,1988-01-09,R200142
1004,1004店,パート･アルバイト,社員,200143,,2009,1974-09-03,R200143
1005,1005店,パート･アルバイト,パート,200144,,2014,1976-11-15,R200144
1006,1006店,パート･アルバイト,社員,200145,,2007,1977-11-12,R200145
1007,1007店,パート･アルバイト,パート,200146,,2015,1998-07-13,R200146
1008,1008店,パート･アルバイト,アルバイト,200147,,2010,1977-02-05,R200147
1009,1009店,パート･アルバイト,アルバイト,200148,,2013,2001-10-01,R200148
1010,1010店,パート･アルバイト,アルバイト,200149,,2021,1984-06-06,R200149
1011,1011店,パート･アルバイト,パート,200150,,2013,2005-06-28,R200150
1012,1012店,パート･アルバイト,アルバイト,200151,,2010,2001-08-28,R200151
1013,1013店,パート･アルバイト,社員,200152,,2015,1988-09-10,R200152
1014,1014店,パート･アルバイト,アルバイト,200153,,2007,1981-06-20,R200153
1015,1015店,パート･アルバイト,アルバイト,200154,,2016,1994-07-04,R200154
1016,1016店,パート･アルバイト,パート,200155,,2021,1979-10-28,R200155
1017,1017店,パート･アルバイト,パート,200156,,2005,1977-01-20,R200156
1018,1018店,パート･アルバイト,アルバイト,200157,,2009,1980-05-21,R200157
1019,1019店,パート･アルバイト,アルバイト,200158,,2007,1999-02-26,R200158
1020,1020店,パート･アルバイト,アルバイト,200159,,2012,1971-04-02,R200159
1001,1001店,パート･アルバイト,社員,200160,,2010,1983-12-10,R200160
1002,1002店,パート･アルバイト,パート,200161,,2013,1999-04-24,R200161
1003,1003店,パート･アルバイト,社員,200162,,2006,1998-08-22,R200162
1004,1004店,パート･アルバイト,社員,200163,,2017,1990-11-20,R200163
1005,1005店,パート･アルバイト,パート,200164,,2025,2000-11-09,R200164
1006,1006店,パート･アルバイト,パート,200165,,2023,2005-03-22,R200165
1007,1007店,パート･アルバイト,アルバイト,200166,,2015,1989-01-24,R200166
1008,1008店,パート･アルバイト,アルバイト,200167,,2005,1987-05-11,R200167
1009,1009店,パート･アルバイト,アルバイト,200168,,2014,1990-10-01,R200168
1010,1010店,パート･アルバイト,アルバイト,200169,,2011,1987-11-22,R200169
1011,1011店,パート･アルバイト,社員,200170,,2005,1988-03-19,R200170
1012,1012店,パート･アルバイト,社員,200171,,2025,1974-09-24,R200171
1013,1013店,パート･アルバイト,アルバイト,200172,,2011,1971-07-15,R200172
1014,1014店,パート･アルバイト,パート,200173,,2009,1971-05-06,R200173
1015,1015店,パート･アルバイト,パート,200174,,2013,2001-02-09,R200174
1016,1016店,パート･アルバイト,アルバイト,200175,,2007,1977-06-06,R200175
1017,1017店,パート･アルバイト,アルバイト,200176,,2025,1979-02-27,R200176
1018,1018店,パート･アルバイト,社員,200177,,2010,1997-02-06,R200177
1019,1019店,パート･アルバイト,アルバイト,200178,,2019,1987-08-18,R200178
1020,1020店,パート･アルバイト,社員,200179,,2012,1995-09-12,R200179
1001,1001店,パート･アルバイト,社員,200180,,2021,1983-03-02,R200180
1002,1002店,パート･アルバイト,アルバイト,200181,,2005,1999-11-22,R200181
1003,1003店,パート･アルバイト,社員,200182,,2010,1995-06-12,R200182
1004,1004店,パート･アルバイト,パート,200183,,2014,1990-04-16,R200183
1005,1005店,パート･アルバイト,社員,200184,,2021,1981-10-05,R200184
1006,1006店,パート･アルバイト,アルバイト,200185,,2018,1975-11-02,R200185
1007,1007店,パート･アルバイト,パート,200186,,2014,1983-10-01,R200186
1008,1008店,パート･アルバイト,社員,200187,,2014,2002-07-22,R200187
1009,1009店,パート･アルバイト,アルバイト,200188,,2012,1972-01-07,R200188
1010,1010店,パート･アルバイト,アルバイト,200189,,2010,1989-05-01,R200189
1011,1011店,パート･アルバイト,アルバイト,200190,,2024,1984-05-27,R200190
1012,1012店,パート･アルバイト,アルバイト,200191,,2019,1993-02-20,R200191
1013,1013店,パート･アルバイト,社員,200192,,2025,1992-02-02,R200192
1014,1014店,パート･アルバイト,アルバイト,200193,,2016,1993-07-27,R200193
1015,1015店,パート･アルバイト,パート,200194,,2022,1977-10-14,R200194
1016,1016店,パート･アルバイト,パート,200195,,2011,1997-06-05,R200195
1017,1017店,パート･アルバイト,社員,200196,,2013,1990-09-16,R200196
1018,1018店,パート･アルバイト,社員,200197,,2010,1999-07-15,R200197
1019,1019店,パート･アルバイト,アルバイト,200198,,2021,2005-05-20,R200198
1020,1020店,パート･アルバイト,アルバイト,200199,,2010,1982-04-06,R200199
1001,1001店,パート･アルバイト,パート,200200,,2019,1982-04-22,R200200
1002,1002店,パート･アルバイト,アルバイト,200201,,2008,1995-03-18,R200201
1003,1003店,パート･アルバイト,パート,200202,,2012,1989-01-01,R200202
1004,1004店,パート･アルバイト,パート,200203,,2017,1998-03-02,R200203
1005,1005店,パート･アルバイト,アルバイト,200204,,2020,1983-08-14,R200204
1006,1006店,パート･アルバイト,アルバイト,200205,,2010,1983-02-17,R200205
1007,1007店,パート･アルバイト,アルバイト,200206,,2012,1995-03-16,R200206
1008,1008店,パート･アルバイト,社員,200207,,2020,1979-02-17,R200207
1009,1009店,パート･アルバイト,アルバイト,200208,,2024,1999-09-11,R200208
1010,1010店,パート･アルバイト,パート,200209,,2018,1990-10-09,R200209
1011,1011店,パート･アルバイト,パート,200210,,2021,1991-10-23,R200210
1012,1012店,パート･アルバイト,アルバイト,200211,,2007,1991-10-16,R200211
1013,1013店,パート･アルバイト,パート,200212,,2007,1987-03-08,R200212
1014,1014店,パート･アルバイト,パート,200213,,2012,1975-11-14,R200213
1015,1015店,パート･アルバイト,パート,200214,,2021,1999-09-15,R200214
1016,1016店,パート･アルバイト,パート,200215,,2016,1982-05-20,R200215
1017,1017店,パート･アルバイト,社員,200216,,2019,1973-09-15,R200216
1018,1018店,パート･アルバイト,社員,200217,,2007,1976-06-01,R200217
1019,1019店,パート･アルバイト,アルバイト,200218,,2007,1999-09-14,R200218
1020,1020店,パート･アルバイト,パート,200219,,2018,2001-02-06,R200219
1001,1001店,パート･アルバイト,アルバイト,200220,,2014,2000-11-06,R200220
1002,1002店,パート･アルバイト,アルバイト,200221,,2024,1979-09-11,R200221
1003,1003店,パート･アルバイト,社員,200222,,2012,1977-05-23,R200222
1004,1004店,パート･アルバイト,アルバイト,200223,,2017,1982-11-01,R200223
1005,1005店,パート･アルバイト,社員,200224,,2025,1986-05-11,R200224
1006,1006店,パート･アルバイト,社員,200225,,2018,1988-09-02,R200225
1007,1007店,パート･アルバイト,アルバイト,200226,,2014,1998-10-22,R200226
1008,1008店,パート･アルバイト,パート,200227,,2013,1997-08-17,R200227
1009,1009店,パート･アルバイト,社員,200228,,2012,1998-02-09,R200228
1010,1010店,パート･アルバイト,アルバイト,200229,,2016,1996-06-06,R200229
1011,1011店,パート･アルバイト,パート,200230,,2025,1972-06-05,R200230
1012,1012店,パート･アルバイト,社員,200231,,2013,1989-06-11,R200231
1013,1013店,パート･アルバイト,社員,200232,,2011,1993-02-03,R200232
1014,1014店,パート･アルバイト,パート,200233,,2013,1972-09-06,R200233
1015,1015店,パート･アルバイト,アルバイト,200234,,2017,1993-03-25,R200234
1016,1016店,パート･アルバイト,社員,200235,,2006,2005-03-21,R200235
1017,1017店,パート･アルバイト,アルバイト,200236,,2018,1971-12-13,R200236
1018,1018店,パート･アルバイト,パート,200237,,2010,1981-01-15,R200237
1019,1019店,パート･アルバイト,社員,200238,,2014,1976-04-27,R200238
1020,1020店,パート･アルバイト,パート,200239,,2022,1987-08-13,R200239
1001,1001店,パート･アルバイト,アルバイト,200240,,2009,1984-05-03,R200240
1002,1002店,パート･アルバイト,社員,200241,,2022,1995-04-08,R200241
1003,1003店,パート･アルバイト,アルバイト,200242,,2005,1981-08-17,R200242
1004,1004店,パート･アルバイト,アルバイト,200243,,2014,1999-08-12,R200243
1005,1005店,パート･アルバイト,社員,200244,,2013,1985-03-23,R200244
1006,1006店,パート･アルバイト,社員,200245,,2019,1977-05-19,R200245
1007,1007店,パート･アルバイト,アルバイト,200246,,2019,1997-09-22,R200246
1008,1008店,パート･アルバイト,アルバイト,200247,,2009,1971-11-06,R200247
1009,1009店,パート･アルバイト,パート,200248,,2010,1991-02-17,R200248
1010,1010店,パート･アルバイト,社員,200249,,2018,1992-01-16,R200249
1011,1011店,パート･アルバイト,アルバイト,200250,,2023,1978-12-15,R200250
1012,1012店,パート･アルバイト,アルバイト,200251,,2022,1989-02-21,R200251
1013,1013店,パート･アルバイト,アルバイト,200252,,2010,1998-03-24,R200252
1014,1014店,パート･アルバイト,アルバイト,200253,,2019,1991-03-11,R200253
1015,1015店,パート･アルバイト,アルバイト,200254,,2017,1977-05-14,R200254
1016,1016店,パート･アルバイト,アルバイト,200255,,2006,1984-10-27,R200255
1017,1017店,パート･アルバイト,パート,200256,,2020,1995-08-17,R200256
1018,1018店,パート･アルバイト,アルバイト,200257,,2009,1976-07-03,R200257
1019,1019店,パート･アルバイト,アルバイト,200258,,2015,1983-09-27,R200258
1020,1020店,パート･アルバイト,パート,200259,,2022,1993-11-01,R200259
1001,1001店,パート･アルバイト,パート,200260,,2017,1980-05-03,R200260
1002,1002店,パート･アルバイト,アルバイト,200261,,2012,1987-07-09,R200261
1003,1003店,パート･アルバイト,社員,200262,,2015,1998-02-24,R200262
1004,1004店,パート･アルバイト,アルバイト,200263,,2006,2002-08-28,R200263
1005,1005店,パート･アルバイト,パート,200264,,2013,1991-12-17,R200264
1006,1006店,パート･アルバイト,パート,200265,,2015,1996-08-02,R200265
1007,1007店,パート･アルバイト,アルバイト,200266,,2021,1998-03-16,R200266
1008,1008店,パート･アルバイト,社員,200267,,2007,1992-07-24,R200267
1009,1009店,パート･アルバイト,社員,200268,,2013,1988-12-22,R200268
1010,1010店,パート･アルバイト,アルバイト,200269,,2023,1979-04-16,R200269
1011,1011店,パート･アルバイト,社員,200270,,2011,1986-02-08,R200270
1012,1012店,パート･アルバイト,アルバイト,200271,,2014,1971-04-24,R200271
1013,1013店,パート･アルバイト,社員,200272,,2014,1980-08-22,R200272
1014,1014店,パート･アルバイト,社員,200273,,2021,1994-04-26,R200273
1015,1015店,パート･アルバイト,アルバイト,200274,,2012,2003-05-17,R200274
1016,1016店,パート･アルバイト,社員,200275,,2022,1985-10-10,R200275
1017,1017店,パート･アルバイト,アルバイト,200276,,2023,1996-03-11,R200276
1018,1018店,パート･アルバイト,アルバイト,200277,,2023,1977-02-23,R200277
1019,1019店,パート･アルバイト,社員,200278,,2016,1981-02-25,R200278
1020,1020店,パート･アルバイト,アルバイト,200279,,2019,1970-04-28,R200279
1001,1001店,パート･アルバイト,社員,200280,,2024,1974-06-23,R200280
1002,1002店,パート･アルバイト,パート,200281,,2012,1995-07-22,R200281
1003,1003店,パート･アルバイト,社員,200282,,2021,1989-02-21,R200282
1004,1004店,パート･アルバイト,社員,200283,,2022,1982-06-24,R200283
1005,1005店,パート･アルバイト,パート,200284,,2014,1982-10-14,R200284
1006,1006店,パート･アルバイト,パート,200285,,2008,1994-03-08,R200285
1007,1007店,パート･アルバイト,パート,200286,,2005,1981-11-19,R200286
1008,1008店,パート･アルバイト,アルバイト,200287,,2006,1999-09-06,R200287
1009,1009店,パート･アルバイト,パート,200288,,2019,1977-05-28,R200288
1010,1010店,パート･アルバイト,アルバイト,200289,,2008,1998-06-21,R200289
1011,1011店,パート･アルバイト,パート,200290,,2018,1986-08-15,R200290
1012,1012店,パート･アルバイト,パート,200291,,2013,1980-02-17,R200291
1013,1013店,パート･アルバイト,パート,200292,,2014,1980-10-25,R200292
1014,1014店,パート･アルバイト,社員,200293,,2009,1972-06-10,R200293
1015,1015店,パート･アルバイト,パート,200294,,2012,2003-07-02,R200294
1016,1016店,パート･アルバイト,アルバイト,200295,,2020,2003-05-24,R200295
1017,1017店,パート･アルバイト,パート,200296,,2018,1985-02-15,R200296
1018,1018店,パート･アルバイト,社員,200297,,2005,1991-01-08,R200297
1019,1019店,パート･アルバイト,社員,200298,,2021,1975-08-28,R200298
1020,1020店,パート･アルバイト,パート,200299,,2007,1982-12-01,R200299
1001,1001店,パート･アルバイト,アルバイト,200300,,2022,2004-12-27,R200300
1002,1002店,パート･アルバイト,パート,200301,,2015,1975-02-18,R200301
1003,1003店,パート･アルバイト,社員,200302,,2020,1983-01-04,R200302
1004,1004店,パート･アルバイト,社員,200303,,2015,1975-11-17,R200303
1005,1005店,パート･アルバイト,社員,200304,,2021,1975-10-04,R200304
1006,1006店,パート･アルバイト,社員,200305,,2015,1982-12-02,R200305
1007,1007店,パート･アルバイト,社員,200306,,2017,1976-12-05,R200306
1008,1008店,パート･アルバイト,社員,200307,,2018,1984-07-02,R200307
1009,1009店,パート･アルバイト,アルバイト,200308,,2020,1982-10-27,R200308
1010,1010店,パート･アルバイト,社員,200309,,2008,1981-04-08,R200309
1011,1011店,パート･アルバイト,パート,200310,,2018,1994-04-05,R200310
1012,1012店,パート･アルバイト,アルバイト,200311,,2005,1978-02-19,R200311
1013,1013店,パート･アルバイト,アルバイト,200312,,2017,1973-03-19,R200312
1014,1014店,パート･アルバイト,アルバイト,200313,,2022,1976-11-20,R200313
1015,1015店,パート･アルバイト,パート,200314,,2018,1993-03-06,R200314
1016,1016店,パート･アルバイト,アルバイト,200315,,2009,2002-02-14,R200315
1017,1017店,パート･アルバイト,パート,200316,,2016,2000-11-04,R200316
1018,1018店,パート･アルバイト,社員,200317,,2019,1991-02-18,R200317
1019,1019店,パート･アルバイト,パート,200318,,2025,1996-12-02,R200318
1020,1020店,パート･アルバイト,パート,200319,,2015,1979-02-11,R200319
1001,1001店,パート･アルバイト,アルバイト,200320,,2006,2002-10-14,R200320
1002,1002店,パート･アルバイト,アルバイト,200321,,2019,1971-11-03,R200321
1003,1003店,パート･アルバイト,パート,200322,,2008,1995-03-24,R200322
1004,1004店,パート･アルバイト,アルバイト,200323,,2007,1991-11-06,R200323
1005,1005店,パート･アルバイト,パート,200324,,2005,1988-08-20,R200324
1006,1006店,パート･アルバイト,パート,200325,,2018,1976-05-10,R200325
1007,1007店,パート･アルバイト,パート,200326,,2005,1986-02-16,R200326
1008,1008店,パート･アルバイト,パート,200327,,2008,1978-04-17,R200327
1009,1009店,パート･アルバイト,アルバイト,200328,,2019,1996-04-05,R200328
1010,1010店,パート･アルバイト,パート,200329,,2005,1973-07-04,R200329
1011,1011店,パート･アルバイト,社員,200330,,2013,1989-08-18,R200330
1012,1012店,パート･アルバイト,パート,200331,,2020,1981-11-28,R200331
1013,1013店,パート･アルバイト,社員,200332,,2015,2004-10-04,R200332
1014,1014店,パート･アルバイト,アルバイト,200333,,2019,1997-11-08,R200333
1015,1015店,パート･アルバイト,アルバイト,200334,,2012,2002-05-19,R200334
1016,1016店,パート･アルバイト,社員,200335,,2013,1981-11-13,R200335
1017,1017店,パート･アルバイト,アルバイト,200336,,2021,1980-07-14,R200336
1018,1018店,パート･アルバイト,パート,200337,,2025,1987-09-26,R200337
1019,1019店,パート･アルバイト,アルバイト,200338,,2019,1971-02-05,R200338
1020,1020店,パート･アルバイト,社員,200339,,2011,1989-12-28,R200339
1001,1001店,パート･アルバイト,パート,200340,,2022,1986-09-03,R200340
1002,1002店,パート･アルバイト,アルバイト,200341,,2014,1971-06-27,R200341
1003,1003店,パート･アルバイト,社員,200342,,2022,1997-10-25,R200342
1004,1004店,パート･アルバイト,アルバイト,200343,,2015,1998-07-13,R200343
1005,1005店,パート･アルバイト,社員,200344,,2009,1976-05-06,R200344
1006,1006店,パート･アルバイト,パート,200345,,2009,1987-12-13,R200345
1007,1007店,パート･アルバイト,社員,200346,,2006,2003-04-14,R200346
1008,1008店,パート･アルバイト,アルバイト,200347,,2005,1988-08-08,R200347
1009,1009店,パート･アルバイト,パート,200348,,2006,1972-11-23,R200348
1010,1010店,パート･アルバイト,社員,200349,,2023,1988-05-22,R200349
1011,1011店,パート･アルバイト,社員,200350,,2023,1988-08-06,R200350
1012,1012店,パート･アルバイト,アルバイト,200351,,2013,1987-02-24,R200351
1013,1013店,パート･アルバイト,アルバイト,200352,,2025,1982-09-11,R200352
1014,1014店,パート･アルバイト,アルバイト,200353,,2021,1979-12-23,R200353
1015,1015店,パート･アルバイト,社員,200354,,2022,1999-03-19,R200354
1016,1016店,パート･アルバイト,アルバイト,200355,,2025,2004-05-24,R200355
1017,1017店,パート･アルバイト,パート,200356,,2013,1971-07-28,R200356
1018,1018店,パート･アルバイト,アルバイト,200357,,2010,1991-12-15,R200357
1019,1019店,パート･アルバイト,社員,200358,,2013,1976-01-05,R200358
1020,1020店,パート･アルバイト,パート,200359,,2025,1992-02-17,R200359
1001,1001店,パート･アルバイト,パート,200360,,2010,1995-11-28,R200360
1002,1002店,パート･アルバイト,社員,200361,,2017,1972-01-09,R200361
1003,1003店,パート･アルバイト,パート,200362,,2008,1990-03-23,R200362
1004,1004店,パート･アルバイト,アルバイト,200363,,2013,1995-12-09,R200363
1005,1005店,パート･アルバイト,パート,200364,,2017,1997-11-14,R200364
1006,1006店,パート･アルバイト,パート,200365,,2016,1996-05-19,R200365
1007,1007店,パート･アルバイト,アルバイト,200366,,2022,1973-12-09,R200366
1008,1008店,パート･アルバイト,社員,200367,,2017,1994-09-02,R200367
1009,1009店,パート･アルバイト,アルバイト,200368,,2020,2004-04-04,R200368
1010,1010店,パート･アルバイト,アルバイト,200369,,2011,1981-11-16,R200369
1011,1011店,パート･アルバイト,社員,200370,,2017,1977-02-26,R200370
1012,1012店,パート･アルバイト,パート,200371,,2025,1994-08-21,R200371
1013,1013店,パート･アルバイト,社員,200372,,2024,1975-10-16,R200372
1014,1014店,パート･アルバイト,社員,200373,,2009,2000-03-02,R200373
1015,1015店,パート･アルバイト,パート,200374,,2017,1973-01-02,R200374
1016,1016店,パート･アルバイト,パート,200375,,2013,2005-06-07,R200375
1017,1017店,パート･アルバイト,社員,200376,,2020,2005-12-09,R200376
1018,1018店,パート･アルバイト,社員,200377,,2024,1994-03-18,R200377
1019,1019店,パート･アルバイト,アルバイト,200378,,2018,2002-04-09,R200378
1020,1020店,パート･アルバイト,社員,200379,,2021,1985-11-14,R200379
1001,1001店,パート･アルバイト,パート,200380,,2023,2000-06-10,R200380
1002,1002店,パート･アルバイト,社員,200381,,2023,1971-12-07,R200381
1003,1003店,パート･アルバイト,アルバイト,200382,,2015,1982-09-07,R200382
1004,1004店,パート･アルバイト,パート,200383,,2019,1997-06-01,R200383
1005,1005店,パート･アルバイト,パート,200384,,2020,1999-02-04,R200384
1006,1006店,パート･アルバイト,アルバイト,200385,,2011,1984-11-25,R200385
1007,1007店,パート･アルバイト,パート,200386,,2021,1996-03-03,R200386
1008,1008店,パート･アルバイト,アルバイト,200387,,2021,1987-07-11,R200387
1009,1009店,パート･アルバイト,パート,200388,,2007,2005-05-03,R200388
1010,1010店,パート･アルバイト,社員,200389,,2008,1972-01-23,R200389
1011,1011店,パート･アルバイト,アルバイト,200390,,2009,1974-06-02,R200390
1012,1012店,パート･アルバイト,アルバイト,200391,,2007,1995-01-15,R200391
1013,1013店,パート･アルバイト,パート,200392,,2018,1978-11-16,R200392
1014,1014店,パート･アルバイト,社員,200393,,2022,2001-10-05,R200393
1015,1015店,パート･アルバイト,パート,200394,,2013,1983-04-09,R200394
1016,1016店,パート･アルバイト,パート,200395,,2020,2000-02-13,R200395
1017,1017店,パート･アルバイト,社員,200396,,2022,2004-06-03,R200396
1018,1018店,パート･アルバイト,アルバイト,200397,,2011,1992-03-25,R200397
1019,1019店,パート･アルバイト,パート,200398,,2012,1974-02-20,R200398
1020,1020店,パート･アルバイト,パート,200399,,2019,1987-07-14,R200399
1001,1001店,パート･アルバイト,アルバイト,200400,,2011,1989-06-02,R200400
1002,1002店,パート･アルバイト,社員,200401,,2022,2005-07-05,R200401
1003,1003店,パート･アルバイト,社員,200402,,2021,2005-03-05,R200402
1004,1004店,パート･アルバイト,パート,200403,,2025,2004-07-18,R200403
1005,1005店,パート･アルバイト,アルバイト,200404,,2012,1990-10-06,R200404
1006,1006店,パート･アルバイト,アルバイト,200405,,2005,1992-12-24,R200405
1007,1007店,パート･アルバイト,パート,200406,,2017,1973-01-28,R200406
1008,1008店,パート･アルバイト,社員,200407,,2005,1974-07-24,R200407
1009,1009店,パート･アルバイト,パート,200408,,2023,1973-07-25,R200408
1010,1010店,パート･アルバイト,パート,200409,,2017,1981-10-02,R200409
1011,1011店,パート･アルバイト,パート,200410,,2014,1983-04-25,R200410
1012,1012店,パート･アルバイト,社員,200411,,2023,2001-11-02,R200411
1013,1013店,パート･アルバイト,社員,200412,,2009,1976-12-07,R200412
1014,1014店,パート･アルバイト,パート,200413,,2014,1970-06-23,R200413
1015,1015店,パート･アルバイト,パート,200414,,2025,1979-10-10,R200414
1016,1016店,パート･アルバイト,パート,200415,,2010,1989-06-04,R200415
1017,1017店,パート･アルバイト,パート,200416,,2007,1987-09-11,R200416
1018,1018店,パート･アルバイト,アルバイト,200417,,2025,1974-11-07,R200417
1019,1019店,パート･アルバイト,社員,200418,,2010,2005-09-24,R200418
1020,1020店,パート･アルバイト,社員,200419,,2020,2001-12-16,R200419
1001,1001店,パート･アルバイト,アルバイト,200420,,2017,1986-12-09,R200420
1002,1002店,パート･アルバイト,パート,200421,,2007,1993-01-12,R200421
1003,1003店,パート･アルバイト,アルバイト,200422,,2021,1975-07-15,R200422
1004,1004店,パート･アルバイト,アルバイト,200423,,2005,1999-05-01,R200423
1005,1005店,パート･アルバイト,社員,200424,,2008,1996-07-11,R200424
1006,1006店,パート･アルバイト,アルバイト,200425,,2012,1984-01-17,R200425
1007,1007店,パート･アルバイト,アルバイト,200426,,2005,1972-12-02,R200426
1008,1008店,パート･アルバイト,社員,200427,,2007,2005-06-19,R200427
1009,1009店,パート･アルバイト,パート,200428,,2008,2003-05-09,R200428
1010,1010店,パート･アルバイト,パート,200429,,2016,1989-11-13,R200429
1011,1011店,パート･アルバイト,アルバイト,200430,,2015,1992-05-10,R200430
1012,1012店,パート･アルバイト,パート,200431,,2013,2002-03-17,R200431
1013,1013店,パート･アルバイト,パート,200432,,2016,1988-08-20,R200432
1014,1014店,パート･アルバイト,社員,200433,,2020,2002-11-25,R200433
1015,1015店,パート･アルバイト,社員,200434,,2014,1987-10-25,R200434
1016,1016店,パート･アルバイト,社員,200435,,2005,2003-03-24,R200435
1017,1017店,パート･アルバイト,パート,200436,,2019,1999-07-20,R200436
1018,1018店,パート･アルバイト,社員,200437,,2024,1970-11-04,R200437
1019,1019店,パート･アルバイト,アルバイト,200438,,2025,1977-10-16,R200438
1020,1020店,パート･アルバイト,社員,200439,,2010,1976-06-05,R200439
1001,1001店,パート･アルバイト,パート,200440,,2012,1989-04-15,R200440
1002,1002店,パート･アルバイト,アルバイト,200441,,2023,2000-11-22,R200441
1003,1003店,パート･アルバイト,社員,200442,,2024,1984-03-11,R200442
1004,1004店,パート･アルバイト,パート,200443,,2022,1990-06-15,R200443
1005,1005店,パート･アルバイト,アルバイト,200444,,2024,1982-12-19,R200444
1006,1006店,パート･アルバイト,社員,200445,,2010,1992-04-17,R200445
1007,1007店,パート･アルバイト,アルバイト,200446,,2010,2003-05-14,R200446
1008,1008店,パート･アルバイト,パート,200447,,2018,1987-03-08,R200447
1009,1009店,パート･アルバイト,パート,200448,,2008,1992-11-19,R200448
1010,1010店,パート･アルバイト,パート,200449,,2023,1989-06-09,R200449
1011,1011店,パート･アルバイト,社員,200450,,2021,1991-06-28,R200450
1012,1012店,パート･アルバイト,社員,200451,,2012,2000-08-03,R200451
1013,1013店,パート･アルバイト,社員,200452,,2005,1997-01-04,R200452
1014,1014店,パート･アルバイト,社員,200453,,2011,1999-04-09,R200453
1015,1015店,パート･アルバイト,パート,200454,,2020,1976-04-26,R200454
1016,1016店,パート･アルバイト,アルバイト,200455,,2007,1996-05-21,R200455
1017,1017店,パート･アルバイト,パート,200456,,2006,2004-01-06,R200456
1018,1018店,パート･アルバイト,アルバイト,200457,,2016,1998-07-16,R200457
1019,1019店,パート･アルバイト,パート,200458,,2005,1971-04-25,R200458
1020,1020店,パート･アルバイト,社員,200459,,2020,2002-07-23,R200459
1001,1001店,パート･アルバイト,パート,200460,,2022,1983-01-08,R200460
1002,1002店,パート･アルバイト,パート,200461,,2012,1982-10-04,R200461
1003,1003店,パート･アルバイト,アルバイト,200462,,2025,1992-05-22,R200462
1004,1004店,パート･アルバイト,社員,200463,,2013,1975-02-18,R200463
1005,1005店,パート･アルバイト,パート,200464,,2024,1972-06-28,R200464
1006,1006店,パート･アルバイト,アルバイト,200465,,2015,1992-11-10,R200465
1007,1007店,パート･アルバイト,アルバイト,200466,,2025,2002-05-23,R200466
1008,1008店,パート･アルバイト,パート,200467,,2015,1985-10-22,R200467
1009,1009店,パート･アルバイト,社員,200468,,2009,1974-10-22,R200468
1010,1010店,パート･アルバイト,アルバイト,200469,,2008,1995-05-10,R200469
1011,1011店,パート･アルバイト,アルバイト,200470,,2020,1987-04-18,R200470
1012,1012店,パート･アルバイト,アルバイト,200471,,2005,2001-09-04,R200471
1013,1013店,パート･アルバイト,社員,200472,,2025,1990-07-15,R200472
1014,1014店,パート･アルバイト,社員,200473,,2009,1998-07-05,R200473
1015,1015店,パート･アルバイト,パート,200474,,2016,1993-03-03,R200474
1016,1016店,パート･アルバイト,パート,200475,,2025,1973-03-14,R200475
1017,1017店,パート･アルバイト,アルバイト,200476,,2006,1970-10-20,R200476
1018,1018店,パート･アルバイト,社員,200477,,2011,1988-09-23,R200477
1019,1019店,パート･アルバイト,アルバイト,200478,,2007,1981-12-01,R200478
1020,1020店,パート･アルバイト,パート,200479,,2014,1995-06-26,R200479
1001,1001店,パート･アルバイト,社員,200480,,2005,2002-07-03,R200480
1002,1002店,パート･アルバイト,パート,200481,,2012,1971-09-18,R200481
1003,1003店,パート･アルバイト,パート,200482,,2023,2003-05-22,R200482
1004,1004店,パート･アルバイト,社員,200483,,2025,1988-05-27,R200483
1005,1005店,パート･アルバイト,アルバイト,200484,,2018,1992-11-17,R200484
1006,1006店,パート･アルバイト,社員,200485,,2023,2000-11-28,R200485
1007,1007店,パート･アルバイト,アルバイト,200486,,2017,1994-05-21,R200486
1008,1008店,パート･アルバイト,社員,200487,,2006,2001-04-06,R200487
1009,1009店,パート･アルバイト,社員,200488,,2012,1977-03-22,R200488
1010,1010店,パート･アルバイト,アルバイト,200489,,2006,1989-05-09,R200489
1011,1011店,パート･アルバイト,パート,200490,,2018,2005-06-01,R200490
1012,1012店,パート･アルバイト,アルバイト,200491,,2020,1996-06-07,R200491
1013,1013店,パート･アルバイト,パート,200492,,2023,1995-11-05,R200492
1014,1014店,パート･アルバイト,社員,200493,,2024,1998-11-22,R200493
1015,1015店,パート･アルバイト,アルバイト,200494,,2020,1973-09-11,R200494
1016,1016店,パート･アルバイト,アルバイト,200495,,2021,2000-06-07,R200495
1017,1017店,パート･アルバイト,社員,200496,,2025,1981-08-04,R200496
1018,1018店,パート･アルバイト,アルバイト,200497,,2024,1987-12-03,R200497
1019,1019店,パート･アルバイト,社員,200498,,2014,1991-09-04,R200498
1020,1020店,パート･アルバイト,パート,200499,,2011,1972-03-28,R200499
1001,1001店,パート･アルバイト,アルバイト,200500,,2025,1975-03-21,R200500
1002,1002店,パート･アルバイト,アルバイト,200501,,2023,1995-12-13,R200501
1003,1003店,パート･アルバイト,社員,200502,,2014,1981-05-07,R200502
1004,1004店,パート･アルバイト,パート,200503,,2016,1976-06-23,R200503
1005,1005店,パート･アルバイト,社員,200504,,2019,2001-03-03,R200504
1006,1006店,パート･アルバイト,パート,200505,,2023,1991-03-24,R200505
1007,1007店,パート･アルバイト,パート,200506,,2013,1998-02-09,R200506
1008,1008店,パート･アルバイト,社員,200507,,2013,1988-12-09,R200507
1009,1009店,パート･アルバイト,アルバイト,200508,,2008,1972-11-28,R200508
1010,1010店,パート･アルバイト,社員,200509,,2024,1981-11-03,R200509
1011,1011店,パート･アルバイト,アルバイト,200510,,2016,2003-12-04,R200510
1012,1012店,パート･アルバイト,パート,200511,,2017,2001-11-10,R200511
1013,1013店,パート･アルバイト,アルバイト,200512,,2010,1987-10-20,R200512
1014,1014店,パート･アルバイト,社員,200513,,2005,2004-04-06,R200513
1015,1015店,パート･アルバイト,社員,200514,,2019,1989-05-03,R200514
1016,1016店,パート･アルバイト,アルバイト,200515,,2023,2004-10-10,R200515
1017,1017店,パート･アルバイト,パート,200516,,2012,1998-05-08,R200516
1018,1018店,パート･アルバイト,パート,200517,,2022,1978-01-23,R200517
1019,1019店,パート･アルバイト,アルバイト,200518,,2015,1998-05-01,R200518
1020,1020店,パート･アルバイト,パート,200519,,2012,1978-10-12,R200519
1001,1001店,パート･アルバイト,社員,200520,,2016,2002-06-11,R200520
1002,1002店,パート･アルバイト,社員,200521,,2019,1995-09-26,R200521
1003,1003店,パート･アルバイト,パート,200522,,2006,2003-07-21,R200522
1004,1004店,パート･アルバイト,アルバイト,200523,,2010,1988-07-22,R200523
1005,1005店,パート･アルバイト,社員,200524,,2005,1971-01-06,R200524
1006,1006店,パート･アルバイト,社員,200525,,2013,1976-07-15,R200525
1007,1007店,パート･アルバイト,パート,200526,,2012,2000-02-01,R200526
1008,1008店,パート･アルバイト,パート,200527,,2017,1988-02-22,R200527
1009,1009店,パート･アルバイト,社員,200528,,2020,1979-10-17,R200528
1010,1010店,パート･アルバイト,アルバイト,200529,,2022,1989-11-10,R200529
1011,1011店,パート･アルバイト,社員,200530,,2023,1988-11-18,R200530
1012,1012店,パート･アルバイト,パート,200531,,2016,1983-11-13,R200531
1013,1013店,パート･アルバイト,パート,200532,,2017,1988-06-25,R200532
1014,1014店,パート･アルバイト,社員,200533,,2024,1977-12-22,R200533
1015,1015店,パート･アルバイト,アルバイト,200534,,2025,1994-03-26,R200534
1016,1016店,パート･アルバイト,アルバイト,200535,,2021,1983-07-03,R200535
1017,1017店,パート･アルバイト,アルバイト,200536,,2023,2005-10-19,R200536
1018,1018店,パート･アルバイト,パート,200537,,2016,1985-07-23,R200537
1019,1019店,パート･アルバイト,社員,200538,,2008,1979-01-08,R200538
1020,1020店,パート･アルバイト,社員,200539,,2018,2000-11-24,R200539
1001,1001店,パート･アルバイト,パート,200540,,2008,1993-03-02,R200540
1002,1002店,パート･アルバイト,パート,200541,,2017,1970-04-15,R200541
1003,1003店,パート･アルバイト,社員,200542,,2013,1976-07-12,R200542
1004,1004店,パート･アルバイト,パート,200543,,2019,1974-03-18,R200543
1005,1005店,パート･アルバイト,パート,200544,,2025,1977-05-20,R200544
1006,1006店,パート･アルバイト,アルバイト,200545,,2021,1983-01-11,R200545
1007,1007店,パート･アルバイト,社員,200546,,2024,1985-09-24,R200546
1008,1008店,パート･アルバイト,アルバイト,200547,,2018,1999-08-20,R200547
1009,1009店,パート･アルバイト,社員,200548,,2021,1976-01-02,R200548
1010,1010店,パート･アルバイト,アルバイト,200549,,2022,1983-04-14,R200549
1011,1011店,パート･アルバイト,パート,200550,,2010,2000-07-01,R200550
1012,1012店,パート･アルバイト,アルバイト,200551,,2012,1985-10-12,R200551
1013,1013店,パート･アルバイト,パート,200552,,2014,2000-05-17,R200552
1014,1014店,パート･アルバイト,社員,200553,,2023,1988-04-14,R200553
1015,1015店,パート･アルバイト,社員,200554,,2015,1975-06-16,R200554
1016,1016店,パート･アルバイト,社員,200555,,2017,1993-11-04,R200555
1017,1017店,パート･アルバイト,パート,200556,,2015,1993-08-09,R200556
1018,1018店,パート･アルバイト,アルバイト,200557,,2010,1992-02-21,R200557
1019,1019店,パート･アルバイト,アルバイト,200558,,2025,2005-09-02,R200558
1020,1020店,パート･アルバイト,アルバイト,200559,,2017,1985-02-04,R200559
1001,1001店,パート･アルバイト,パート,200560,,2011,2003-04-19,R200560
1002,1002店,パート･アルバイト,パート,200561,,2005,1972-06-06,R200561
1003,1003店,パート･アルバイト,パート,200562,,2013,1973-08-14,R200562
1004,1004店,パート･アルバイト,社員,200563,,2010,1972-09-16,R200563
1005,1005店,パート･アルバイト,アルバイト,200564,,2022,1976-03-26,R200564
1006,1006店,パート･アルバイト,アルバイト,200565,,2017,1987-05-11,R200565
1007,1007店,パート･アルバイト,アルバイト,200566,,2006,2003-02-12,R200566
1008,1008店,パート･アルバイト,アルバイト,200567,,2016,1992-11-20,R200567
1009,1009店,パート･アルバイト,社員,200568,,2017,1978-01-23,R200568
1010,1010店,パート･アルバイト,社員,200569,,2007,1991-02-19,R200569
1011,1011店,パート･アルバイト,アルバイト,200570,,2020,1984-03-01,R200570
1012,1012店,パート･アルバイト,社員,200571,,2012,1997-04-15,R200571
1013,1013店,パート･アルバイト,アルバイト,200572,,2012,1970-01-02,R200572
1014,1014店,パート･アルバイト,パート,200573,,2007,1986-08-08,R200573
1015,1015店,パート･アルバイト,パート,200574,,2019,1982-12-26,R200574
1016,1016店,パート･アルバイト,パート,200575,,2017,1980-09-24,R200575
1017,1017店,パート･アルバイト,社員,200576,,2005,1996-12-14,R200576
1018,1018店,パート･アルバイト,アルバイト,200577,,2015,1997-08-04,R200577
1019,1019店,パート･アルバイト,アルバイト,200578,,2018,1991-06-26,R200578
1020,1020店,パート･アルバイト,アルバイト,200579,,2016,2003-06-11,R200579
1001,1001店,パート･アルバイト,社員,200580,,2016,1991-12-21,R200580
1002,1002店,パート･アルバイト,社員,200581,,2019,2004-04-28,R200581
1003,1003店,パート･アルバイト,社員,200582,,2021,1995-03-26,R200582
1004,1004店,パート･アルバイト,社員,200583,,2020,1982-02-01,R200583
1005,1005店,パート･アルバイト,社員,200584,,2024,2000-03-12,R200584
1006,1006店,パート･アルバイト,パート,200585,,2021,1983-08-26,R200585
1007,1007店,パート･アルバイト,アルバイト,200586,,2019,1980-12-17,R200586
1008,1008店,パート･アルバイト,社員,200587,,2013,1985-02-04,R200587
1009,1009店,パート･アルバイト,アルバイト,200588,,2021,2003-09-07,R200588
1010,1010店,パート･アルバイト,アルバイト,200589,,2019,1976-02-26,R200589
1011,1011店,パート･アルバイト,パート,200590,,2015,2003-08-06,R200590
1012,1012店,パート･アルバイト,アルバイト,200591,,2016,1991-04-15,R200591
1013,1013店,パート･アルバイト,パート,200592,,2022,1992-12-16,R200592
1014,1014店,パート･アルバイト,アルバイト,200593,,2014,1997-03-19,R200593
1015,1015店,パート･アルバイト,アルバイト,200594,,2008,1978-07-08,R200594
1016,1016店,パート･アルバイト,パート,200595,,2018,1993-06-18,R200595
1017,1017店,パート･アルバイト,パート,200596,,2017,1976-02-11,R200596
1018,1018店,パート･アルバイト,パート,200597,,2022,1981-02-28,R200597
1019,1019店,パート･アルバイト,社員,200598,,2019,1985-12-08,R200598
1020,1020店,パート･アルバイト,アルバイト,200599,,2005,1997-11-08,R200599
1001,1001店,パート･アルバイト,パート,200600,,2024,1998-03-16,R200600
1002,1002店,パート･アルバイト,社員,200601,,2011,1975-02-03,R200601
1003,1003店,パート･アルバイト,社員,200602,,2005,1978-07-26,R200602
1004,1004店,パート･アルバイト,社員,200603,,2019,1998-11-18,R200603
1005,1005店,パート･アルバイト,パート,200604,,2022,2000-08-01,R200604
1006,1006店,パート･アルバイト,パート,200605,,2012,1994-12-13,R200605
1007,1007店,パート･アルバイト,社員,200606,,2012,1978-03-27,R200606
1008,1008店,パート･アルバイト,アルバイト,200607,,2005,2001-03-23,R200607
1009,1009店,パート･アルバイト,パート,200608,,2012,1975-01-14,R200608
1010,1010店,パート･アルバイト,社員,200609,,2011,1989-07-07,R200609
1011,1011店,パート･アルバイト,パート,200610,,2010,1974-09-02,R200610
1012,1012店,パート･アルバイト,社員,200611,,2025,2000-06-27,R200611
1013,1013店,パート･アルバイト,社員,200612,,2020,1979-09-27,R200612
1014,1014店,パート･アルバイト,社員,200613,,2024,1987-03-16,R200613
1015,1015店,パート･アルバイト,アルバイト,200614,,2023,1997-05-16,R200614
1016,1016店,パート･アルバイト,パート,200615,,2025,1981-09-02,R200615
1017,1017店,パート･アルバイト,パート,200616,,2008,1988-03-06,R200616
1018,1018店,パート･アルバイト,パート,200617,,2011,1996-12-25,R200617
1019,1019店,パート･アルバイト,パート,200618,,2021,1991-10-22,R200618
1020,1020店,パート･アルバイト,アルバイト,200619,,2009,1973-05-18,R200619
1001,1001店,パート･アルバイト,パート,200620,,2023,1993-12-04,R200620
1002,1002店,パート･アルバイト,アルバイト,200621,,2008,2000-05-28,R200621
1003,1003店,パート･アルバイト,パート,200622,,2010,1973-05-10,R200622
1004,1004店,パート･アルバイト,パート,200623,,2013,1977-11-02,R200623
1005,1005店,パート･アルバイト,パート,200624,,2017,1977-08-21,R200624
1006,1006店,パート･アルバイト,パート,200625,,2005,1972-08-19,R200625
1007,1007店,パート･アルバイト,社員,200626,,2025,1980-07-22,R200626
1008,1008店,パート･アルバイト,パート,200627,,2010,2000-02-05,R200627
1009,1009店,パート･アルバイト,パート,200628,,2012,1977-02-01,R200628
1010,1010店,パート･アルバイト,アルバイト,200629,,2025,1998-06-18,R200629
1011,1011店,パート･アルバイト,社員,200630,,2022,1972-06-06,R200630
1012,1012店,パート･アルバイト,アルバイト,200631,,2021,2001-02-02,R200631
1013,1013店,パート･アルバイト,社員,200632,,2010,2001-08-22,R200632
1014,1014店,パート･アルバイト,アルバイト,200633,,2012,1983-05-16,R200633
1015,1015店,パート･アルバイト,パート,200634,,2014,1974-08-15,R200634
1016,1016店,パート･アルバイト,社員,200635,,2011,2000-11-08,R200635
1017,1017店,パート･アルバイト,アルバイト,200636,,2006,1994-02-09,R200636
1018,1018店,パート･アルバイト,社員,200637,,2009,1980-08-15,R200637
1019,1019店,パート･アルバイト,アルバイト,200638,,2014,1994-02-20,R200638
1020,1020店,パート･アルバイト,アルバイト,200639,,2024,1995-11-09,R200639
1001,1001店,パート･アルバイト,パート,200640,,2011,1974-08-04,R200640
1002,1002店,パート･アルバイト,アルバイト,200641,,2011,2000-03-19,R200641
1003,1003店,パート･アルバイト,社員,200642,,2017,1986-12-24,R200642
1004,1004店,パート･アルバイト,アルバイト,200643,,2025,1980-04-01,R200643
1005,1005店,パート･アルバイト,アルバイト,200644,,2014,1975-11-23,R200644
1006,1006店,パート･アルバイト,パート,200645,,2022,1995-03-05,R200645
1007,1007店,パート･アルバイト,パート,200646,,2023,1970-11-12,R200646
1008,1008店,パート･アルバイト,社員,200647,,2010,1987-03-08,R200647
1009,1009店,パート･アルバイト,社員,200648,,2023,1977-10-04,R200648
1010,1010店,パート･アルバイト,社員,200649,,2012,1994-03-03,R200649
1011,1011店,パート･アルバイト,パート,200650,,2008,1985-10-26,R200650
1012,1012店,パート･アルバイト,パート,200651,,2020,2004-04-01,R200651
1013,1013店,パート･アルバイト,パート,200652,,2023,2001-03-27,R200652
1014,1014店,パート･アルバイト,社員,200653,,2006,2001-07-06,R200653
1015,1015店,パート･アルバイト,パート,200654,,2008,1999-01-14,R200654
1016,1016店,パート･アルバイト,アルバイト,200655,,2020,1997-04-26,R200655
1017,1017店,パート･アルバイト,パート,200656,,2014,1984-09-19,R200656
1018,1018店,パート･アルバイト,アルバイト,200657,,2015,1975-11-10,R200657
1019,1019店,パート･アルバイト,パート,200658,,2011,1975-10-02,R200658
1020,1020店,パート･アルバイト,パート,200659,,2024,1993-01-02,R200659
